time,seconds_elapsed,temperature
1790333690549000000,1.009,34.8
1790333691568000000,2.028,34.8
1790333692551000000,3.011,34.8
1790333693552000000,4.012,34.8
1790333694552000000,5.012,34.8
1790333695553000000,6.013,34.8
1790333696554000000,7.013999755859375,34.8
1790333697555000000,8.015,34.8
1790333698558000000,9.018000244140625,34.8
1790333699564000000,10.024,34.8
1790333700560000000,11.02,34.8
1790333701561000000,12.021,34.8
1790333702561000000,13.021,34.8
1790333703562000000,14.021999755859374,34.8
1790333704564000000,15.024,34.8
1790333705567000000,16.027,34.8
1790333706568000000,17.028,34.8
1790333707576000000,18.036,34.8
1790333708571000000,19.031,34.8
1790333709573000000,20.033,34.8
1790333710573000000,21.033,34.8
1790333711586000000,22.045999755859373,34.8
1790333712575000000,23.035,34.8
1790333713576000000,24.036,34.8
1790333714579000000,25.039,34.8
1790333715580000000,26.04,34.8
1790333716583000000,27.043,34.8
1790333717584000000,28.044,34.8
1790333718586000000,29.045999755859373,34.8
1790333719587000000,30.047,34.8
1790333720587000000,31.047,34.8
1790333721589000000,32.049,34.8
1790333722590000000,33.05000024414063,34.8
1790333723590000000,34.05000024414063,34.8
1790333724592000000,35.052,34.8
1790333725594000000,36.05399975585937,34.8
1790333726596000000,37.056,34.8
1790333727598000000,38.05800024414062,34.8
1790333728600000000,39.06,34.8
1790333729601000000,40.061,34.8
1790333730613000000,41.073,34.8
1790333731606000000,42.066000244140625,34.8
1790333732607000000,43.067,34.8
1790333733610000000,44.06999975585938,34.8
1790333734610000000,45.06999975585938,34.8
1790333735612000000,46.072,34.8
1790333736614000000,47.07400024414063,34.8
1790333737617000000,48.077,34.8
1790333738629000000,49.089,34.8
1790333739620000000,50.08,34.8
1790333740622000000,51.08200024414062,34.8
1790333741623000000,52.083,34.8
1790333742634000000,53.09399975585937,34.8
1790333743627000000,54.087,34.8
1790333744628000000,55.088,34.8
1790333745629000000,56.089,34.8
1790333746643000000,57.103,34.8
1790333747633000000,58.093,34.8
1790333748637000000,59.097,34.8
1790333749638000000,60.09800024414063,34.8
1790333750643000000,61.103,34.8
1790333751641000000,62.101,34.8
1790333752646000000,63.106000244140624,34.8
1790333753648000000,64.108,34.8
1790333754648000000,65.108,34.8
1790333755648000000,66.108,34.8
1790333756649000000,67.109,34.8
1790333757650000000,68.10999975585938,34.8
1790333758651000000,69.111,34.8
1790333759653000000,70.113,34.8
1790333760655000000,71.115,34.8
1790333761655000000,72.115,34.8
1790333762657000000,73.117,34.8
1790333763659000000,74.119,34.8
1790333764660000000,75.12,34.8
1790333765663000000,76.123,34.8
1790333766679000000,77.139,34.8
1790333767669000000,78.129,34.8
1790333768671000000,79.131,34.8
1790333769673000000,80.133,34.8
1790333770676000000,81.136,34.8
1790333771678000000,82.13800024414063,34.8
1790333772681000000,83.141,34.8
1790333773686000000,84.14600024414062,34.8
1790333774694000000,85.15400024414062,34.8
1790333775690000000,86.14999975585937,34.8
1790333776693000000,87.153,34.8
1790333777693000000,88.153,34.8
1790333778695000000,89.155,34.8
1790333779699000000,90.159,34.8
1790333780701000000,91.161,34.8
1790333781704000000,92.164,34.8
1790333782706000000,93.16599975585937,34.8
1790333783709000000,94.169,34.8
1790333784712000000,95.172,34.8
1790333785715000000,96.175,34.8
1790333786716000000,97.176,34.8
1790333787719000000,98.179,34.8
1790333788724000000,99.184,34.8
1790333789727000000,100.187,34.8
1790333790729000000,101.189,34.8
1790333791731000000,102.191,34.8
1790333792733000000,103.193,34.8
1790333793735000000,104.195,34.8
1790333794737000000,105.197,34.8
1790333795741000000,106.201,34.8
1790333796743000000,107.203,34.8
1790333797746000000,108.20599975585938,34.8
1790333798749000000,109.209,34.8
1790333799754000000,110.21399975585938,34.8
1790333800754000000,111.21399975585938,34.8
1790333801757000000,112.217,34.8
1790333802759000000,113.219,34.8
1790333803760000000,114.22,34.8
1790333804762000000,115.22199975585937,34.8
1790333805764000000,116.224,34.8
1790333806765000000,117.225,34.8
1790333807766000000,118.22600024414062,34.8
1790333808771000000,119.231,34.8
1790333809773000000,120.233,34.8
1790333810773000000,121.233,34.8
1790333811776000000,122.236,34.8
1790333812779000000,123.239,34.8
1790333813785000000,124.245,34.8
1790333814788000000,125.248,34.8
1790333815790000000,126.25000024414062,34.8
1790333816795000000,127.255,34.8
1790333817794000000,128.25399975585938,34.8
1790333818796000000,129.256,34.8
1790333819801000000,130.261,34.8
1790333820804000000,131.264,34.8
1790333821807000000,132.267,34.8
1790333822808000000,133.268,34.8
1790333823812000000,134.272,34.8
1790333824816000000,135.276,34.8
1790333825817000000,136.277,34.8
1790333826818000000,137.27799975585938,34.8
1790333827821000000,138.281,34.8
1790333828836000000,139.296,34.8
1790333829826000000,140.28599975585936,34.8
1790333830828000000,141.288,34.8
1790333831831000000,142.291,34.8
1790333832832000000,143.292,34.8
1790333833835000000,144.295,34.8
1790333834838000000,145.29800024414064,34.8
1790333835841000000,146.301,34.8
1790333836842000000,147.30199975585938,34.8
1790333837845000000,148.305,34.8
1790333838848000000,149.308,34.8
1790333839852000000,150.312,34.8
1790333840852000000,151.312,34.8
1790333841855000000,152.315,34.8
1790333842858000000,153.31799975585938,34.8
1790333843866000000,154.32599975585939,34.8
1790333844863000000,155.323,34.8
1790333845865000000,156.325,34.8
1790333846869000000,157.329,34.8
1790333847887000000,158.347,34.8
1790333848874000000,159.33399975585937,34.8
1790333849876000000,160.336,34.8
1790333850879000000,161.339,34.8
1790333851887000000,162.347,34.8
1790333852884000000,163.344,34.8
1790333853886000000,164.3460002441406,34.8
1790333854889000000,165.349,34.8
1790333855891000000,166.351,34.8
1790333856895000000,167.355,34.8
1790333857898000000,168.35799975585937,34.8
1790333858901000000,169.361,34.8
1790333859904000000,170.364,34.8
1790333860906000000,171.36599975585938,34.8
1790333861909000000,172.369,34.8
1790333862912000000,173.372,34.8
1790333863915000000,174.375,34.8
1790333864919000000,175.379,34.8
1790333865922000000,176.38199975585937,34.8
1790333866925000000,177.385,34.8
1790333867928000000,178.388,34.8
1790333868937000000,179.397,34.8
1790333869934000000,180.3940002441406,34.8
1790333870936000000,181.396,34.8
1790333871938000000,182.3979997558594,34.8
1790333872945000000,183.405,34.8
1790333873945000000,184.405,34.8
1790333874948000000,185.408,34.8
1790333875951000000,186.411,34.8
1790333876956000000,187.416,36
1790333877956000000,188.416,36
1790333878959000000,189.419,36
1790333879961000000,190.421,36
1790333880966000000,191.42600024414062,36
1790333881969000000,192.429,36
1790333882971000000,193.431,36
1790333883974000000,194.43400024414063,36
1790333884976000000,195.436,36
1790333885979000000,196.439,36
1790333886982000000,197.44200024414062,36
1790333887984000000,198.444,36
1790333888987000000,199.447,36
1790333890000000000,200.46,36
1790333890992000000,201.452,36
1790333891995000000,202.455,36
1790333893001000000,203.461,36
1790333894000000000,204.46,36
1790333895003000000,205.463,36
1790333896006000000,206.46600024414062,36
1790333897009000000,207.469,36
1790333898012000000,208.472,36
1790333899014000000,209.47400024414063,36
1790333900018000000,210.47799975585937,36
1790333901020000000,211.48,36
1790333902035000000,212.495,36
1790333903025000000,213.485,36
1790333904028000000,214.488,36
1790333905031000000,215.491,36
1790333906041000000,216.501,36
1790333907041000000,217.501,36
1790333908039000000,218.499,36
1790333909045000000,219.505,36
1790333910062000000,220.52200024414063,36
1790333911053000000,221.513,36
1790333912053000000,222.513,36
1790333913069000000,223.529,36
1790333914071000000,224.531,36
1790333915092000000,225.552,36
1790333916160000000,226.62,36
1790333917168000000,227.628,36
1790333918221000000,228.681,36
1790333919247000000,229.707,36
1790333920302000000,230.76200024414064,36
1790333921296000000,231.756,36
1790333922338000000,232.79799975585937,36
1790333923363000000,233.823,36
1790333924370000000,234.82999975585938,36
1790333925420000000,235.88,36
1790333926448000000,236.908,36
1790333927469000000,237.929,36
1790333928464000000,238.924,36
1790333929501000000,239.961,36
1790333930489000000,240.949,36
1790333931540000000,242,36
1790333932597000000,243.057,36
1790333933599000000,244.059,36
1790333934643000000,245.103,36
1790333935665000000,246.125,36
1790333936674000000,247.13399975585938,36
1790333937721000000,248.181,36
1790333938744000000,249.204,36
1790333939759000000,250.219,36
1790333940784000000,251.244,36
1790333941830000000,252.29000024414063,36
1790333942844000000,253.304,36
1790333943874000000,254.33399975585937,36
1790333944900000000,255.36,36
1790333945946000000,256.4059997558594,36
1790333946945000000,257.405,36
1790333947983000000,258.443,36
1790333948992000000,259.452,36
1790333950037000000,260.497,36
1790333951043000000,261.503,36
1790333952087000000,262.547,36
1790333953144000000,263.604,36
1790333954157000000,264.617,36
1790333955187000000,265.647,36
1790333956224000000,266.684,36
1790333957280000000,267.74,36
1790333958301000000,268.761,36
1790333959331000000,269.791,36
1790333960361000000,270.821,36
1790333961381000000,271.841,36
1790333962399000000,272.859,36
1790333963466000000,273.9259997558594,36
1790333964446000000,274.9060002441406,36
1790333965481000000,275.941,36
1790333966527000000,276.987,36
1790333967553000000,278.013,36
1790333968580000000,279.04,36
1790333969635000000,280.095,36
1790333970652000000,281.112,36
1790333971701000000,282.161,36
1790333972723000000,283.183,36
1790333973756000000,284.216,36
1790333974795000000,285.255,36
1790333975811000000,286.271,36
1790333976853000000,287.313,36
1790333977856000000,288.316,36
1790333978905000000,289.365,36
1790333979942000000,290.40200024414065,36
1790333980969000000,291.429,36
1790333981961000000,292.421,36
1790333982993000000,293.453,36
1790333984018000000,294.4779997558594,36
1790333985039000000,295.499,36
1790333986083000000,296.543,36
1790333987075000000,297.535,36
1790333988134000000,298.5940002441406,36
1790333989174000000,299.6340002441406,36
1790333990155000000,300.615,36
1790333991209000000,301.669,36
1790333992220000000,302.68,36
1790333993263000000,303.723,36
1790333994273000000,304.733,36
1790333995301000000,305.761,36
1790333996358000000,306.81800024414065,36
1790333997394000000,307.8539997558594,36
1790333998392000000,308.852,36
1790333999414000000,309.87400024414063,36
1790334000437000000,310.897,36
1790334001475000000,311.935,36
1790334002495000000,312.955,36
1790334003551000000,314.011,36
1790334004548000000,315.008,36
1790334005627000000,316.087,36
1790334006662000000,317.1220002441406,36
1790334007655000000,318.115,36
1790334008682000000,319.1419997558594,36
1790334009744000000,320.204,36
1790334010735000000,321.195,36
1790334011799000000,322.259,36
1790334012793000000,323.253,36
1790334013821000000,324.281,36
1790334014867000000,325.327,36
1790334015890000000,326.34999975585936,36
1790334016900000000,327.36,36
1790334017927000000,328.387,36
1790334018951000000,329.411,36
1790334019973000000,330.433,36
1790334020998000000,331.45800024414064,36
1790334022028000000,332.488,36
1790334023077000000,333.537,36
1790334024080000000,334.54,36
1790334025127000000,335.587,36
1790334026149000000,336.609,36
1790334027158000000,337.6180002441406,36
1790334028200000000,338.66,36
1790334029212000000,339.672,36
1790334030234000000,340.69399975585935,36
1790334031278000000,341.7380002441406,36
1790334032302000000,342.7620002441406,36
1790334033339000000,343.799,36
1790334034395000000,344.855,36
1790334035392000000,345.852,36
1790334036445000000,346.905,36
1790334037472000000,347.932,36
1790334038539000000,348.999,36
1790334039560000000,350.02,36
1790334040582000000,351.04200024414064,36
1790334041603000000,352.063,36
1790334042627000000,353.087,36
1790334043685000000,354.145,36
1790334044673000000,355.133,36
1790334045751000000,356.211,36
1790334046747000000,357.207,36
1790334047786000000,358.2459997558594,36
1790334048839000000,359.299,36
1790334049910000000,360.3700002441406,36
1790334050916000000,361.376,36
1790334051938000000,362.39799975585936,36
1790334052989000000,363.449,36
1790334054023000000,364.483,36
1790334055057000000,365.517,36
1790334056069000000,366.529,36
1790334057085000000,367.545,36
1790334058116000000,368.576,36
1790334059194000000,369.6539997558594,36
1790334060198000000,370.6580002441406,36
1790334061216000000,371.676,36
1790334062244000000,372.704,36
1790334063264000000,373.724,36
1790334064309000000,374.769,36
1790334065361000000,375.821,36
1790334066371000000,376.831,36
1790334067427000000,377.887,36
1790334068427000000,378.887,36
1790334069472000000,379.932,36
1790334070474000000,380.93399975585936,36
1790334071519000000,381.979,36
1790334072537000000,382.997,36
1790334073597000000,384.057,36
1790334074624000000,385.084,36
1790334075681000000,386.141,36
1790334076708000000,387.168,36
1790334077757000000,388.217,36
1790334078758000000,389.2180002441406,36
1790334079792000000,390.252,36
1790334080863000000,391.323,36
1790334081881000000,392.341,36
1790334082920000000,393.38,36
1790334083915000000,394.375,36
1790334084976000000,395.436,36
1790334085980000000,396.44,36
1790334087069000000,397.529,37.3
1790334088081000000,398.541,37.3
1790334089104000000,399.564,37.3
1790334090141000000,400.601,37.3
1790334091170000000,401.6299997558594,37.3
1790334092217000000,402.677,37.3
1790334093257000000,403.717,37.3
1790334094312000000,404.772,37.3
1790334095373000000,405.833,37.3
1790334096434000000,406.8939997558594,37.3
1790334097431000000,407.891,37.3
1790334098474000000,408.93399975585936,37.3
1790334099503000000,409.963,37.3
1790334100549000000,411.009,37.3
1790334101578000000,412.0379997558594,37.3
1790334102611000000,413.071,37.3
1790334103638000000,414.0980002441406,37.3
1790334104636000000,415.096,37.3
1790334105678000000,416.13800024414064,37.3
1790334106723000000,417.183,37.3
1790334107750000000,418.21000024414064,37.3
1790334108786000000,419.2459997558594,37.3
1790334109844000000,420.304,37.3
1790334110837000000,421.297,37.3
1790334111865000000,422.325,37.3
1790334112874000000,423.3339997558594,37.3
1790334113911000000,424.371,37.3
1790334114965000000,425.425,37.3
1790334115953000000,426.413,37.3
1790334117018000000,427.4779997558594,37.3
1790334117996000000,428.456,37.3
1790334119018000000,429.4779997558594,37.3
1790334120047000000,430.507,37.3
1790334121072000000,431.532,37.3
1790334122097000000,432.557,37.3
1790334123108000000,433.568,37.3
1790334124139000000,434.599,37.3
1790334125165000000,435.625,37.3
1790334126185000000,436.645,37.3
1790334127263000000,437.723,37.3
1790334128361000000,438.821,37.3
1790334129331000000,439.791,37.3
1790334130331000000,440.791,37.3
1790334131342000000,441.80200024414063,37.3
1790334132409000000,442.869,37.3
1790334133409000000,443.869,37.3
1790334134435000000,444.895,37.3
1790334135484000000,445.944,37.3
1790334136475000000,446.935,37.3
1790334137493000000,447.953,37.3
1790334138532000000,448.992,37.3
1790334139544000000,450.004,37.3
1790334140566000000,451.0260002441406,37.3
1790334141575000000,452.035,37.3
1790334142600000000,453.06,37.3
1790334143619000000,454.079,37.3
1790334144660000000,455.12,37.3
1790334145665000000,456.125,37.3
1790334146691000000,457.151,37.3
1790334147728000000,458.188,37.3
1790334148739000000,459.199,37.3
1790334149759000000,460.219,37.3
1790334150818000000,461.27799975585935,37.3
1790334151844000000,462.304,37.3
1790334152848000000,463.308,37.3
1790334153918000000,464.37800024414065,37.3
1790334154912000000,465.372,37.3
1790334155975000000,466.435,37.3
1790334156999000000,467.459,37.3
1790334158024000000,468.484,37.3
1790334159032000000,469.492,37.3
1790334160098000000,470.5579997558594,37.3
1790334161149000000,471.609,37.3
1790334162132000000,472.592,37.3
1790334163151000000,473.611,37.3
1790334164170000000,474.6299997558594,37.3
1790334165184000000,475.644,37.3
1790334166241000000,476.701,37.3
1790334167250000000,477.70999975585937,37.3
1790334168279000000,478.739,37.3
1790334169313000000,479.773,37.3
1790334170371000000,480.831,37.3
1790334171377000000,481.837,37.3
1790334172400000000,482.86,37.3
1790334173460000000,483.92,37.3
1790334174462000000,484.92200024414063,37.3
1790334175491000000,485.951,37.3
1790334176504000000,486.964,37.3
1790334177568000000,488.028,37.3
1790334178578000000,489.0379997558594,37.3
1790334179593000000,490.053,37.3
1790334180620000000,491.08,37.3
1790334181692000000,492.152,37.3
1790334182694000000,493.1540002441406,37.3
1790334183723000000,494.183,37.3
1790334184788000000,495.248,37.3
1790334185815000000,496.275,37.3
1790334186850000000,497.3099997558594,37.3
1790334187890000000,498.34999975585936,37.3
1790334188887000000,499.347,37.3
1790334189944000000,500.404,37.3
1790334190963000000,501.423,37.3
1790334192000000000,502.46,37.3
1790334193051000000,503.511,37.3
1790334194050000000,504.5099997558594,37.3
1790334195099000000,505.559,37.3
1790334196153000000,506.613,37.3
1790334197142000000,507.60200024414064,37.3
1790334198176000000,508.636,37.3
1790334199221000000,509.681,37.3
1790334200247000000,510.707,37.3
1790334201271000000,511.731,37.3
1790334202299000000,512.759,37.3
1790334203321000000,513.781,37.3
1790334204373000000,514.833,37.3
1790334205368000000,515.828,37.3
1790334206393000000,516.853,37.3
1790334207423000000,517.883,37.9
1790334208491000000,518.951,37.9
1790334209477000000,519.937,37.9
1790334210509000000,520.969,37.9
1790334211526000000,521.9860002441407,37.9
1790334212593000000,523.053,37.9
1790334213621000000,524.081,37.9
1790334214613000000,525.073,37.9
1790334215655000000,526.115,37.9
1790334216714000000,527.1739997558594,37.9
1790334217731000000,528.191,37.9
1790334218731000000,529.191,37.9
1790334219778000000,530.2379997558594,37.9
1790334220789000000,531.249,37.9
1790334221819000000,532.279,37.9
1790334222847000000,533.307,37.9
1790334223869000000,534.329,37.9
1790334224899000000,535.359,37.9
1790334225921000000,536.381,37.9
1790334226948000000,537.408,37.9
1790334227997000000,538.457,37.9
1790334228993000000,539.453,37.9
1790334230045000000,540.505,37.9
1790334231045000000,541.505,37.9
1790334232089000000,542.549,37.9
1790334233088000000,543.548,37.9
1790334234173000000,544.633,37.9
1790334235166000000,545.6260002441406,37.9
1790334236183000000,546.643,37.9
1790334237209000000,547.669,37.9
1790334238250000000,548.7099997558594,37.9
1790334239264000000,549.724,37.9
1790334240312000000,550.772,37.9
1790334241325000000,551.785,37.9
1790334242352000000,552.812,37.9
1790334243395000000,553.855,37.9
1790334244422000000,554.8820002441406,37.9
1790334245480000000,555.94,37.9
1790334246498000000,556.9579997558594,37.9
1790334247489000000,557.949,37.9
1790334248549000000,559.009,37.9
1790334249579000000,560.039,37.9
1790334250612000000,561.072,37.9
1790334251644000000,562.104,37.9
1790334252645000000,563.105,37.9
1790334253691000000,564.151,37.9
1790334254703000000,565.163,37.9
1790334255757000000,566.217,37.9
1790334256764000000,567.224,37.9
1790334257814000000,568.2740002441407,37.9
1790334258820000000,569.28,37.9
1790334259871000000,570.331,37.9
1790334260869000000,571.329,37.9
1790334261922000000,572.3819997558594,37.9
1790334262919000000,573.379,37.9
1790334263990000000,574.4500002441406,37.9
1790334265037000000,575.497,37.9
1790334266059000000,576.519,37.9
1790334267068000000,577.528,37.9
1790334268146000000,578.6059997558593,37.9
1790334269129000000,579.589,37.9
1790334270182000000,580.6420002441406,37.9
1790334271231000000,581.691,37.9
1790334272298000000,582.7579997558594,37.9
1790334273294000000,583.7540002441406,37.9
1790334274322000000,584.7819997558594,37.9
1790334275349000000,585.809,37.9
1790334276419000000,586.879,37.9
1790334277436000000,587.896,37.9
1790334278447000000,588.907,37.9
1790334279483000000,589.943,37.9
1790334280501000000,590.961,37.9
1790334281511000000,591.971,37.9
1790334282563000000,593.023,37.9
1790334283557000000,594.017,37.9
1790334284622000000,595.0820002441407,37.9
1790334285626000000,596.0859997558593,37.9
1790334286679000000,597.139,37.9
1790334287677000000,598.137,37.9
1790334288700000000,599.16,37.9
1790334289724000000,600.184,37.9
1790334290756000000,601.216,37.9
1790334291777000000,602.237,37.9
1790334292811000000,603.271,37.9
1790334293881000000,604.341,37.9
1790334294880000000,605.34,37.9
1790334295906000000,606.3659997558593,37.9
1790334296953000000,607.413,37.9
1790334297992000000,608.452,37.9
1790334299080000000,609.54,37.9
1790334300069000000,610.529,37.9
1790334301093000000,611.553,37.9
1790334302101000000,612.561,37.9
1790334303120000000,613.58,37.9
1790334304149000000,614.609,37.9
1790334305192000000,615.652,37.9
1790334306224000000,616.684,37.9
1790334307280000000,617.74,37.9
1790334308314000000,618.7739997558593,37.9
1790334309342000000,619.8020002441406,37.9
1790334310340000000,620.8,37.9
1790334311392000000,621.852,37.9
1790334312392000000,622.852,37.9
1790334313452000000,623.912,37.9
1790334314466000000,624.9259997558594,37.9
1790334315540000000,626,37.9
1790334316572000000,627.032,37.9
1790334317570000000,628.0299997558594,37.9
1790334318617000000,629.077,37.9
1790334319633000000,630.093,37.9
1790334320661000000,631.121,37.9
1790334321698000000,632.1579997558594,37.9
1790334322732000000,633.192,37.9
1790334323743000000,634.203,37.9
1790334324795000000,635.255,37.9
1790334325846000000,636.3060002441406,37.9
1790334326884000000,637.344,37.9
1790334327958000000,638.4180002441407,37.9
1790334328960000000,639.42,37.9
1790334329989000000,640.449,37.9
1790334331051000000,641.511,37.9
1790334332049000000,642.509,37.9
1790334333108000000,643.568,37.9
1790334334130000000,644.5899997558594,37.9
1790334335160000000,645.62,37.9
1790334336178000000,646.6379997558594,37.9
1790334337251000000,647.711,37.9
1790334338276000000,648.736,37.9
1790334339333000000,649.793,37.9
1790334340364000000,650.824,37.9
1790334341365000000,651.825,37.9
1790334342411000000,652.871,37.9
1790334343478000000,653.9380002441407,37.9
1790334344481000000,654.941,37.9
1790334345521000000,655.981,37.9
1790334346557000000,657.017,37.9
1790334347596000000,658.056,37.9
1790334348646000000,659.1060002441407,37.9
1790334349670000000,660.1300002441407,37.9
1790334350665000000,661.125,37.9
1790334351720000000,662.18,37.9
1790334352760000000,663.22,37.9
1790334353791000000,664.251,37.9
1790334354813000000,665.273,37.9
1790334355894000000,666.3540002441406,37.9
1790334356903000000,667.363,37.9
1790334357926000000,668.3860002441406,37.9
1790334358953000000,669.413,37.9
1790334359993000000,670.453,37.9
1790334361047000000,671.507,37.9
1790334362092000000,672.552,37.9
1790334363118000000,673.5780002441406,37.9
1790334364116000000,674.576,37.9
1790334365159000000,675.619,37.9
1790334366220000000,676.68,37.9
1790334367259000000,677.719,37.9
1790334368263000000,678.723,37.9
1790334369276000000,679.736,37.9
1790334370346000000,680.8059997558594,37.9
1790334371360000000,681.82,37.9
1790334372381000000,682.841,37.9
1790334373411000000,683.871,37.9
1790334374430000000,684.8900002441407,37.9
1790334375464000000,685.924,37.9
1790334376522000000,686.9819997558594,37.9
1790334377542000000,688.0020002441406,37.9
1790334378547000000,689.007,37.9
1790334379615000000,690.075,37.9
1790334380624000000,691.084,37.9
1790334381650000000,692.1099997558593,37.9
1790334382677000000,693.137,37.9
1790334383719000000,694.179,37.9
1790334384758000000,695.2180002441406,37.9
1790334385774000000,696.2340002441406,37.9
1790334386804000000,697.264,37.9
1790334387824000000,698.284,37.9
1790334388853000000,699.313,37.9
1790334389892000000,700.352,37.9
1790334390938000000,701.3979997558594,37.9
1790334391944000000,702.404,37.9
1790334392967000000,703.427,37.9
1790334394026000000,704.4859997558593,37.9
1790334395047000000,705.507,37.9
1790334396101000000,706.561,37.9
1790334397147000000,707.607,37.9
1790334398200000000,708.66,37.9
1790334399287000000,709.747,37.9
1790334400313000000,710.773,37.9
1790334401360000000,711.82,37.9
1790334402410000000,712.8699997558593,37.9
1790334403426000000,713.8859997558594,37.9
1790334404488000000,714.948,37.9
1790334405494000000,715.9540002441406,37.9
1790334406520000000,716.98,37.9
1790334407547000000,718.007,37.9
1790334408597000000,719.057,37.9
1790334409635000000,720.095,37.9
1790334410659000000,721.119,37.9
1790334411699000000,722.159,37.9
1790334412730000000,723.1899997558594,37.9
1790334413756000000,724.216,37.9
1790334414784000000,725.244,37.9
1790334415859000000,726.319,37.9
1790334416884000000,727.344,37.9
1790334417941000000,728.401,37.9
1790334418950000000,729.4100002441406,37.9
1790334419971000000,730.431,37.9
1790334421004000000,731.464,37.9
1790334422049000000,732.509,37.9
1790334423075000000,733.535,37.9
1790334424136000000,734.596,37.9
1790334425134000000,735.5940002441406,37.9
1790334426161000000,736.621,37.9
1790334427190000000,737.6500002441406,37.9
1790334428246000000,738.7060002441406,37.9
1790334429272000000,739.732,37.9
1790334430277000000,740.737,37.9
1790334431386000000,741.8459997558593,37.9
1790334432279000000,742.739,37.9
1790334433280000000,743.74,37.9
