lat,lon,distance_along_route_m,estimated_strength_dbm,blackout_flag
17.4415,78.376,0.0,-27.6,0
17.4416274,78.3761327,20.0,-30.6,0
17.4417549,78.3762655,40.0,-29.5,0
17.4418824,78.3763982,60.0,-34.7,0
17.4420098,78.3765309,80.0,-33.6,0
17.4421382,78.3766627,100.0,-31.9,0
17.4422689,78.3767919,120.0,-28.9,0
17.4424022,78.3769182,140.0,-24.7,0
17.442538,78.3770415,160.0,-25.8,0
17.442676,78.377162,180.0,-15.6,0
17.4428162,78.3772797,200.0,-14.0,0
17.4429587,78.3773945,220.0,-10.1,0
17.4431034,78.377506,240.0,-21.8,0
17.4432504,78.3776143,260.0,-30.6,0
17.4433994,78.3777196,280.0,-31.2,0
17.4435503,78.3778218,300.0,-23.5,0
17.443703,78.377921,320.0,-14.9,0
17.4438578,78.3780166,340.0,-61.3,1
17.4440112,78.3781145,360.0,-68.9,1
17.4441592,78.3782212,380.0,-66.8,1
17.4443014,78.3783363,400.0,-60.2,1
17.4444372,78.3784596,420.0,-62.0,1
17.4445664,78.3785903,440.0,-68.2,1
17.4446893,78.3787277,460.0,-74.6,1
17.4448067,78.3788702,480.0,-79.0,1
17.4449194,78.3790169,500.0,-79.3,1
17.4450282,78.3791667,520.0,-74.7,1
17.4451343,78.3793187,540.0,-68.4,1
17.4452384,78.3794722,560.0,-59.1,1
17.445342,78.379626,580.0,-55.5,1
17.4454464,78.3797793,600.0,-65.2,1
17.4455527,78.3799312,620.0,-54.6,1
17.4456619,78.3800807,640.0,-65.5,1
17.445775,78.380227,660.0,-75.6,1
17.4458931,78.3803689,680.0,-78.2,1
17.4460171,78.3805051,700.0,-73.3,1
17.4461474,78.3806347,720.0,-63.6,1
17.446284,78.380757,740.0,-65.1,1
17.4464267,78.3808714,760.0,-74.5,1
17.4465753,78.3809772,780.0,-71.8,1
17.4467259,78.3810795,800.0,-67.3,1
17.4468678,78.381195,820.0,-54.2,1
17.4470097,78.3813105,840.0,-48.5,1
17.4471516,78.3814259,860.0,-62.8,1
17.4472936,78.3815414,880.0,-31.6,0
17.4474355,78.3816569,900.0,-37.1,0
17.4475774,78.3817724,920.0,-41.2,0
17.4477194,78.3818878,940.0,-42.7,0
17.4478613,78.3820033,960.0,-42.7,0
17.4480032,78.3821188,980.0,-42.2,0
17.4481451,78.3822342,1000.0,-38.5,0
17.4482871,78.3823497,1020.0,-32.3,0
17.448429,78.3824652,1040.0,-25.9,0
17.4485709,78.3825807,1060.0,-28.9,0
17.4487128,78.3826962,1080.0,-32.0,0
17.4488548,78.3828116,1100.0,-28.7,0
17.4489967,78.3829271,1120.0,-15.9,0
17.4491386,78.3830426,1140.0,-19.7,0
17.4492805,78.3831581,1160.0,-27.3,0
17.4494225,78.3832735,1180.0,-31.4,0
17.4495644,78.383389,1200.0,-31.8,0
