time,seconds_elapsed,mslAltitudeAccuracy,bearingAccuracy,speedAccuracy,verticalAccuracy,horizontalAccuracy,speed,altitudeAboveMeanSeaLevel,bearing,altitude,longitude,latitude
1790341541091988700,0.12998876953125,,0.800000011920929,0.3700000047683716,2,2.5,9.239999771118164,,73,-76,80.1982783,13.0759309
1790341542108572000,1.146572021484375,,0.800000011920929,0.36000001430511475,2,2.5,9.420000076293945,,74,-76,80.1983587,13.0759562
1790341543081780500,2.119780517578125,,0.699999988079071,0.3499999940395355,3,2.5,9.919025421142578,,73.99873352050781,-75,80.1984429,13.075983
1790341544075803600,3.1138037109375,,0.8999999761581421,0.3799999952316284,2,2.5,9.959991455078125,,73.00064849853516,-75,80.1985334,13.076011
1790341545083416600,4.12141650390625,,1,0.4399999976158142,2,2.5,9.49138069152832,,73.00191497802734,-75,80.1986194,13.0760368
1790341546089972500,5.127972412109375,,0.30000001192092896,0.25999999046325684,2,2.5,9.519969940185547,,72.99995422363281,-75,80.198702,13.0760611
1790341547064765200,6.10276513671875,,0.6000000238418579,0.25,2,2.5,10.099424362182617,,72.9992904663086,-75,80.1987858,13.0760863
1790341548081015600,7.119015625,,0.800000011920929,0.4000000059604645,3,2.5,9.990447044372559,,71.0019760131836,-75,80.1988681,13.076113
1790341549071178500,8.109178466796875,,1,0.4300000071525574,3,2.5,9.660593032836914,,73.99838256835938,-75,80.1989537,13.0761365
1790341550126102500,9.1641025390625,,0.800000011920929,0.4099999964237213,3,2.5,9.809629440307617,,73.99950408935547,-75,80.1990426,13.0761608
1790341551081842400,10.119842529296875,,1,0.4399999976158142,3,2.5,9.181800842285156,,76.0007553100586,-75,80.1991292,13.0761838
1790341552064342800,11.1023427734375,,1,0.41999998688697815,3,2.5,8.741196632385254,,77.00084686279297,-74,80.1992133,13.0761995
1790341553073250300,12.111250244140624,,1,0.4000000059604645,3,2.5,8.480669021606445,,77.00083923339844,-74,80.1992904,13.0762182
1790341554070848300,13.10884814453125,,0.4000000059604645,0.25,3,2.5829999446868896,8.300210952758789,,76.00045013427734,-74,80.1993681,13.0762371
1790341555071268600,14.1092685546875,,0.699999988079071,0.30000001192092896,3,2.5829999446868896,8.180171966552734,,76.000244140625,-75,80.1994415,13.0762499
1790341556074993000,15.112992919921876,,0.699999988079071,0.28999999165534973,3,2.5829999446868896,7.990289211273193,,75.00072479248047,-74,80.1995123,13.076263
1790341557078075000,16.116074951171875,,0.699999988079071,0.25999999046325684,3,2.5999999046325684,7.860196590423584,,73.0008773803711,-74,80.1995885,13.0762794
1790341558067344400,17.105344482421874,,1.100000023841858,0.3799999952316284,3,2.5829999446868896,7.98970890045166,,72.9995346069336,-74,80.1996598,13.076302
1790341559067040800,18.105040771484376,,1.100000023841858,0.4099999964237213,3,2.5829999446868896,7.739999771118164,,78,-74,80.1997297,13.0763217
1790341560058322000,19.096322021484376,,1.600000023841858,0.44999998807907104,3,2.5829999446868896,7.039999961853027,,75,-74,80.1997963,13.0763385
1790341561082862300,20.1208623046875,,1.2999999523162842,0.4000000059604645,3,2.700000047683716,7.059999942779541,,73,-74,80.1998559,13.0763584
1790341562087083500,21.12508349609375,,2,0.5,3,2.799999952316284,5.589999675750732,,71,-73,80.1999088,13.0763755
1790341563089331200,22.127331298828125,,1.899999976158142,0.3799999952316284,3,2.9000000953674316,5.679999828338623,,65,-73,80.1999556,13.0763884
1790341564112957200,23.150957275390624,,1.2999999523162842,0.3499999940395355,3,3,6.519999980926514,,56,-73,80.2000044,13.0764147
1790341565074532600,24.11253271484375,,1.600000023841858,0.36000001430511475,3,3,6.389999866485596,,50,-74,80.2000542,13.076454
1790341566110396000,25.14839599609375,,2.4000000953674316,0.4699999988079071,3,3,5.929999828338623,,39,-74,80.200083,13.0764896
1790341567084002300,26.122002197265626,,2,0.46000000834465027,3,3.0829999446868896,6.5,,19,-74,80.2001005,13.0765399
1790341568091734000,27.129734130859376,,2,0.38999998569488525,3,3.200000047683716,6.690000057220459,,9,-74,80.2001171,13.076594
1790341569087343900,28.12534375,,3.299999952316284,0.6200000047683716,3,3.25,7.489999771118164,,351,-75,80.2001189,13.076653
1790341570081423000,29.119423095703127,,2.0999999046325684,0.5299999713897705,3,3.4000000953674316,7.21999979019165,,332,-75,80.2000996,13.0767171
1790341571076942600,30.114942626953123,,1.600000023841858,0.44999998807907104,3,3.4159998893737793,6.710000038146973,,317,-76,80.2000629,13.0767675
1790341572073825500,31.111825439453124,,1.7000000476837158,0.4399999976158142,3,3.5,6.690000057220459,,312,-76,80.2000218,13.0768151
1790341573094314500,32.132314453125,,2.0999999046325684,0.6200000047683716,3,3.5,7.12999963760376,,296,-77,80.1999629,13.0768433
1790341574088700700,33.12670068359375,,2,0.6399999856948853,3,3.5,7.739999771118164,,278,-77,80.1999003,13.0768639
1790341575069550000,34.107550048828124,,1.600000023841858,0.4300000071525574,3,3.5,7.279999732971191,,265,-78,80.1998361,13.0768562
1790341576085547500,35.12354760742188,,1,0.3400000035762787,3,3.5,7.489999771118164,,262,-78,80.1997605,13.0768489
1790341577085347300,36.123347412109375,,0.699999988079071,0.25,3,3.5,7.71999979019165,,259,-78,80.1996867,13.0768363
1790341578090480000,37.128480224609376,,0.699999988079071,0.2800000011920929,3,3.4159998893737793,7.699999809265137,,258,-78,80.1996185,13.0768246
1790341579092427000,38.13042700195312,,0.5,0.23000000417232513,3,3.299999952316284,7.799999713897705,,257,-78,80.1995444,13.0768115
1790341580093650000,39.13164990234375,,0.8999999761581421,0.3499999940395355,3,3.200000047683716,7.889999866485596,,251,-78,80.1994749,13.0767942
1790341581085966800,40.123966796875,,1.2000000476837158,0.38999998569488525,3,3.0999999046325684,7.909999847412109,,249,-78,80.1994072,13.0767656
1790341582087494400,41.125494384765624,,2,0.5199999809265137,3,3,7.529999732971191,,240,-78,80.1993417,13.0767357
1790341583078182700,42.1161826171875,,0.8999999761581421,0.33000001311302185,3,3,7.190000057220459,,219,-78,80.1992946,13.0766835
1790341584088719000,43.126718994140624,,1.100000023841858,0.3499999940395355,3,3,6.759999752044678,,208,-78,80.1992552,13.0766275
1790341585089635000,44.127635009765626,,1.399999976158142,0.36000001430511475,3,3,6.489999771118164,,197,-78,80.1992241,13.0765661
1790341586095216400,45.13321630859375,,1.399999976158142,0.3199999928474426,2,2.9000000953674316,5.489999771118164,,189,-78,80.1992122,13.0765078
1790341587081269500,46.11926953125,,1.399999976158142,0.2800000011920929,3,2.9159998893737793,5.159999847412109,,183,-78,80.1992052,13.0764598
1790341588082993400,47.12099340820313,,1.399999976158142,0.23999999463558197,2,2.799999952316284,5.349999904632568,,179,-78,80.1992028,13.0764111
1790341589085251800,48.123251953125,,0.6000000238418579,0.25999999046325684,3,2.75,6.799999713897705,,176,-78,80.1992054,13.0763518
1790341590092208400,49.13020849609375,,0.6000000238418579,0.25999999046325684,3,2.5999999046325684,6.869999885559082,,176,-79,80.199213,13.076288
1790341591083158800,50.12115869140625,,0.800000011920929,0.33000001311302185,3,2.6659998893737793,7.519999980926514,,177,-78,80.1992189,13.0762247
1790341592085232000,51.12323217773437,,0.8999999761581421,0.38999998569488525,3,2.5999999046325684,7.46999979019165,,175,-79,80.1992254,13.0761595
1790341593074577700,52.11257763671875,,1.7000000476837158,0.47999998927116394,3,2.6659998893737793,7.62999963760376,,174,-79,80.1992326,13.076087
1790341594062309400,53.100309326171875,,3.700000047683716,0.8999999761581421,3,2.8329999446868896,7.059999942779541,,174,-79,80.1992393,13.0760242
1790341595086221600,54.1242216796875,,3.200000047683716,0.6600000262260437,3,3,6.710000038146973,,172,-79,80.199245,13.0759615
